{"cameraMode":{"drawMode":0,"name":"Shaded","section":"Shading Mode"},"sceneLighting":true,"audioPlay":false,"sceneViewState":{"m_AlwaysRefresh":false,"showFog":true,"showSkybox":true,"showFlares":true,"showImageEffects":true,"showParticleSystems":true,"showVisualEffectGraphs":true,"m_FxEnabled":true},"in2DMode":false,"pivot":{"x":0.24991297721862794,"y":5.202475547790527,"z":-4.993957042694092},"rotation":{"x":-0.06624729186296463,"y":-0.02035698853433132,"z":0.0013520423090085388,"w":-0.9975969195365906},"size":10.83206558227539,"orthographic":false}